,Application Reference,Application Type,Premises Name,Premises Address,Application Legislation,Application Status,Application Objections,Approved Date,Date Of Events,Expiry Date,Hearing Date,Last Date For Representations,Received Date,Refused Date,Cumulative Impact Policy Area Name,Ward Code,Ward Name,Easting,Northing,Longitude,Latitude,Spatial Accuracy,Last Uploaded,Location,Socrata ID,Organisation URI,path,Origin-Destination,PathId
428,GGN\00092,Gaming Notification,Old Oak,"1 MANSFIELD ROAD, LONDON, NW3 2JD",GA2005,Application Approved,No,,,,,,2008-01-28,,,E05000134,Gospel Oak,528279.2,185599.66,-0.151107,51.554717,Nearest OS Open Map-Local Building,11/05/2017 07:37:20 PM,"(51.554717, -0.151107)",8283,http://opendatacommunities.org/id/london-borough-council/camden,1,Destination,originGGN\00092
500,GGN\00031,Gaming Notification,Ship Tavern,"12 GATE STREET, LONDON, WC2A 3HP",GA2005,Application Approved,No,,,,,,2009-05-08,,,E05000138,Holborn and Covent Garden,530582.58,181461.55,-0.11943599999999999,51.517002000000005,Nearest OS Open Map-Local Building,11/05/2017 07:37:20 PM,"(51.517002, -0.119436)",8342,http://opendatacommunities.org/id/london-borough-council/camden,1,Destination,originGGN\00031
895,GGN\00023,Gaming Notification,One Tun,"58  60 GOODGE STREET, LONDON, W1T 4ND",GA2005,Application Approved,No,,,,,,2009-05-27,,,E05000129,Bloomsbury,529354.63,181691.5,-0.13703900000000002,51.51935,Nearest OS Open Map-Local Building,11/05/2017 07:37:20 PM,"(51.51935, -0.137039)",8350,http://opendatacommunities.org/id/london-borough-council/camden,1,Destination,originGGN\00023
923,GGN\00094,Gaming Notification,Be At One,"55 CAMDEN HIGH STREET, LONDON, NW1 7JH",GA2005,Application Approved,No,,,,,,2008-05-03,,Camden Town,E05000142,Regent's Park,529083.06,183480.97,-0.140296,51.535494,Nearest OS Open Map-Local Building,11/05/2017 07:37:20 PM,"(51.535494, -0.140296)",8282,http://opendatacommunities.org/id/london-borough-council/camden,1,Destination,originGGN\00094
1399,GGN\00200,Gaming Notification,Fitzrovia Belle (previously Mortimer Arms),"174 TOTTENHAM COURT ROAD, LONDON, W1T 7NT",GA2005,Application Approved,No,,,,,,2016-12-21,,,E05000129,Bloomsbury,529442.25,182097.14,-0.135628,51.522976,Nearest OS Open Map-Local Building,11/05/2017 07:37:20 PM,"(51.522976, -0.135628)",8181,http://opendatacommunities.org/id/london-borough-council/camden,1,Destination,originGGN\00200
1527,GGN\00072,Gaming Notification,Angel Inn,"37 HIGHGATE HIGH STREET, LONDON, N6 5JT",GA2005,Application Approved,No,,,,,,2008-03-09,,,E05000137,Highgate,528465.77,187352.85,-0.147778,51.57043,Nearest OS Open Map-Local Building,11/05/2017 07:37:20 PM,"(51.57043, -0.147778)",8302,http://opendatacommunities.org/id/london-borough-council/camden,1,Destination,originGGN\00072
1596,GGN\00174,Gaming Notification,Old Bell,"38 KILBURN HIGH ROAD, LONDON, NW6 5UA",GA2005,Application Approved,No,,,,,,2012-06-08,,,E05000140,Kilburn,525481.83,183581.34,-0.192154,51.537207,Nearest OS Open Map-Local Building,11/05/2017 07:37:20 PM,"(51.537207, -0.192154)",8206,http://opendatacommunities.org/id/london-borough-council/camden,1,Destination,originGGN\00174
1804,GGN\00168,Gaming Notification,The Boot,"116 CROMER STREET, LONDON, WC1H 8BS",GA2005,Application Approved,No,,,,,,2011-08-12,,,E05000141,King's Cross,530230.49,182639.66,-0.124072,51.52767,Nearest OS Open Map-Local Building,11/05/2017 07:37:20 PM,"(51.52767, -0.124072)",8212,http://opendatacommunities.org/id/london-borough-council/camden,1,Destination,originGGN\00168
1897,GGN\00162,Gaming Notification,The Earl of Camden,"55 PARKWAY, LONDON, NW1 7PN",GA2005,Application Approved,No,,,,,,2011-08-25,,Camden Town,E05000130,Camden Town with Primrose Hill,528830.64,183707.33,-0.14385,51.537586,Nearest OS Open Map-Local Building,11/05/2017 07:37:20 PM,"(51.537586, -0.14385)",8218,http://opendatacommunities.org/id/london-borough-council/camden,1,Destination,originGGN\00162
2180,GGN\00106,Gaming Notification,Odeon Cinema,"14 PARKWAY, LONDON, NW1 7AA",GA2005,Application Approved,No,,,,,,2007-09-27,,Camden Town,E05000130,Camden Town with Primrose Hill,528836.98,183880.36,-0.14369500000000002,51.539139,Nearest OS Open Map-Local Building,11/05/2017 07:37:20 PM,"(51.539139, -0.143695)",8270,http://opendatacommunities.org/id/london-borough-council/camden,1,Destination,originGGN\00106
2267,GGN\00088,Gaming Notification,Starbucks (formerly known as Sloe Bar),"EUSTON RAILWAY STATION EVERSHOLT STREET, LONDON, NW1 2HS",GA2005,Application Approved,No,,,,,,2007-11-20,,,E05000143,St Pancras and Somers Town,529635.38,182806.0,-0.13258499999999998,51.529302,Nearest OS Open Map-Local Building,11/05/2017 07:37:20 PM,"(51.529302, -0.132585)",8287,http://opendatacommunities.org/id/london-borough-council/camden,1,Destination,originGGN\00088
2326,GGN\00167,Gaming Notification,Hoxton Hotel,"203 HIGH HOLBORN, LONDON, WC1V 7BD",GA2005,Application Approved,No,,,,,,2011-08-12,,Seven Dials,E05000138,Holborn and Covent Garden,530398.34,181470.02,-0.12208599999999999,51.51712,Nearest OS Open Map-Local Building,11/05/2017 07:37:20 PM,"(51.51712, -0.122086)",8213,http://opendatacommunities.org/id/london-borough-council/camden,1,Destination,originGGN\00167
2587,GGN\00082,Gaming Notification,Good Mixer,"28  30 INVERNESS STREET, LONDON, NW1 7HJ",GA2005,Application Approved,No,,,,,,2007-03-12,,Camden Town,E05000130,Camden Town with Primrose Hill,528778.86,183979.04,-0.14449700000000001,51.540039,Nearest OS Open Map-Local Building,11/05/2017 07:37:20 PM,"(51.540039, -0.144497)",8293,http://opendatacommunities.org/id/london-borough-council/camden,1,Origin,originGGN\00082
3012,GGN\00024,Gaming Notification,Spread Eagle,"141 ALBERT STREET, LONDON, NW1 7NB",GA2005,Application Approved,No,,,,,,2009-05-06,,Camden Town,E05000130,Camden Town with Primrose Hill,528701.03,183723.65,-0.14571199999999998,51.537762,Nearest OS Open Map-Local Building,11/05/2017 07:37:20 PM,"(51.537762, -0.145712)",8349,http://opendatacommunities.org/id/london-borough-council/camden,1,Destination,originGGN\00024
3650,GGN\00047,Gaming Notification,Admiral Mann,"9 HARGRAVE PLACE, LONDON, N7 0BP",GA2005,Application Approved,No,,,,,,2009-12-22,,,E05000139,Kentish Town,529710.88,185036.15,-0.130676,51.549326,Nearest OS Open Map-Local Building,11/05/2017 07:37:20 PM,"(51.549326, -0.130676)",8327,http://opendatacommunities.org/id/london-borough-council/camden,1,Destination,originGGN\00047
3748,GGN\00105,Gaming Notification,Nisa,"25 AGAR GROVE, LONDON, NW1 9SL",GA2005,Application Approved,No,,,,,,2008-11-13,,,E05000131,Cantelowes,529635.05,184383.15,-0.13201,51.543475,Nearest OS Open Map-Local Building,11/05/2017 07:37:20 PM,"(51.543475, -0.13201)",8271,http://opendatacommunities.org/id/london-borough-council/camden,1,Destination,originGGN\00105
4428,GGN\00074,Gaming Notification,Carpenters Arms,"6870 CARPENTERS ARMS WHITFIELD STREET, LONDON, W1T 4EY",GA2005,Application Approved,No,,,,,,2008-03-09,,,E05000129,Bloomsbury,529415.12,181954.86,-0.136071,51.521703,Nearest OS Open Map-Local Building,11/05/2017 07:37:20 PM,"(51.521703, -0.136071)",8300,http://opendatacommunities.org/id/london-borough-council/camden,1,Destination,originGGN\00074
4722,GGN\00042,Gaming Notification,Monkey Chews,"2 QUEEN'S CRESCENT, LONDON, NW5 4EP",GA2005,Application Approved,No,,,,,,2009-10-26,,,E05000136,Haverstock,528095.6,184786.12,-0.15405,51.547447999999996,Nearest OS Open Map-Local Building,11/05/2017 07:37:20 PM,"(51.547448, -0.15405)",8332,http://opendatacommunities.org/id/london-borough-council/camden,1,Destination,originGGN\00042
5049,GGN\00054,Gaming Notification,Priory Tavern,"250 BELSIZE ROAD, LONDON, NW6 4BT",GA2005,Application Approved,No,,,,,,2008-04-21,,,E05000140,Kilburn,525558.04,183736.11,-0.191,51.538581,Nearest OS Open Map-Local Building,11/05/2017 07:37:20 PM,"(51.538581, -0.191)",8320,http://opendatacommunities.org/id/london-borough-council/camden,1,Destination,originGGN\00054
5241,GGN\00153,Gaming Notification,Nisa,"25 AGAR GROVE, LONDON, NW1 9SL",GA2005,Application Approved,No,,,,,,2011-05-07,,,E05000131,Cantelowes,529635.05,184383.15,-0.13201,51.543475,Nearest OS Open Map-Local Building,11/05/2017 07:37:20 PM,"(51.543475, -0.13201)",8227,http://opendatacommunities.org/id/london-borough-council/camden,1,Destination,originGGN\00153
5298,GGN\00124,Gaming Notification,Bill's (formerly Pitcher and Piano),"42 KINGSWAY, LONDON, WC2B 6EX",GA2005,Application Approved,No,,,,,,2010-02-19,,,E05000138,Holborn and Covent Garden,530636.89,181331.4,-0.118702,51.515819,Nearest OS Open Map-Local Building,11/05/2017 07:37:20 PM,"(51.515819, -0.118702)",8254,http://opendatacommunities.org/id/london-borough-council/camden,1,Destination,originGGN\00124
5690,GGN\00020,Gaming Notification,Alliance,"40  42 MILL LANE, LONDON, NW6 1NR",GA2005,Application Approved,No,,,,,,2009-04-23,,,E05000132,Fortune Green,524814.69,185100.96,-0.201229,51.551010999999995,Nearest OS Open Map-Local Building,11/05/2017 07:37:20 PM,"(51.551011, -0.201229)",8353,http://opendatacommunities.org/id/london-borough-council/camden,1,Destination,originGGN\00020
5852,GGN\00091,Gaming Notification,Golden Lion,"88 ROYAL COLLEGE STREET, LONDON, NW1 0TH",GA2005,Application Approved,No,,,,,,2007-12-17,,,E05000143,St Pancras and Somers Town,529389.37,183879.64,-0.135735,51.539006,Nearest OS Open Map-Local Building,11/05/2017 07:37:20 PM,"(51.539006, -0.135735)",8284,http://opendatacommunities.org/id/london-borough-council/camden,1,Destination,originGGN\00091
6057,GGN\00170,Gaming Notification,Lilly Langtree,"121 ABBEY ROAD, LONDON, NW6 4SL",GA2005,Application Approved,No,,,,,,2012-06-02,,,E05000140,Kilburn,525740.21,183879.85,-0.188324,51.539832000000004,Nearest OS Open Map-Local Building,11/05/2017 07:37:20 PM,"(51.539832, -0.188324)",8210,http://opendatacommunities.org/id/london-borough-council/camden,1,Destination,originGGN\00170
6086,GGN\00055,Gaming Notification,KOKO,"1 CAMDEN HIGH STREET, LONDON, NW1 7JE",GA2005,Application Approved,No,,,,,,2008-04-25,,Camden Town,E05000142,Regent's Park,529129.52,183417.31,-0.139649,51.534911,Nearest OS Open Map-Local Building,11/05/2017 07:37:20 PM,"(51.534911, -0.139649)",8319,http://opendatacommunities.org/id/london-borough-council/camden,1,Destination,originGGN\00055
6109,GGN\00121,Gaming Notification,The Bree Louise,"69 COBOURG STREET, LONDON, NW1 2HH",GA2005,Application Approved,No,,,,,,2009-02-17,,,E05000142,Regent's Park,529449.87,182585.85,-0.13533900000000001,51.527366,Nearest OS Open Map-Local Building,11/05/2017 07:37:20 PM,"(51.527366, -0.135339)",8257,http://opendatacommunities.org/id/london-borough-council/camden,1,Destination,originGGN\00121
6247,GGN\00133,Gaming Notification,Old Bull And Bush,"BULL AND BUSH NORTH END WAY, LONDON, NW3 7HE",GA2005,Application Approved,No,,,,,,2010-05-19,,,E05000135,Hampstead Town,526068.58,186970.78,-0.18248499999999998,51.567537,Nearest OS Open Map-Local Building,11/05/2017 07:37:20 PM,"(51.567537, -0.182485)",8245,http://opendatacommunities.org/id/london-borough-council/camden,1,Destination,originGGN\00133
6498,GGN\00166,Gaming Notification,Two Brewers,"40 MONMOUTH STREET, LONDON, WC2H 9EP",GA2005,Application Approved,No,,,,,,2011-07-11,,Seven Dials,E05000138,Holborn and Covent Garden,530043.11,181029.51,-0.127366,51.513243,Nearest OS Open Map-Local Building,11/05/2017 07:37:20 PM,"(51.513243, -0.127366)",8214,http://opendatacommunities.org/id/london-borough-council/camden,1,Destination,originGGN\00166
6641,GGN\00107,Gaming Notification,The Crown & Anchor,"137 DRUMMOND STREET, LONDON, NW1 2HL",GA2005,Application Approved,No,,,,,,2007-09-25,,,E05000142,Regent's Park,529371.86,182534.27,-0.136481,51.526920000000004,Nearest OS Open Map-Local Building,11/05/2017 07:37:20 PM,"(51.52692, -0.136481)",8269,http://opendatacommunities.org/id/london-borough-council/camden,1,Destination,originGGN\00107
6727,GGN\00090,Gaming Notification,Belushis Bar,"48  50 CAMDEN HIGH STREET, LONDON, NW1 0LT",GA2005,Application Approved,No,,,,,,2007-12-17,,Camden Town,E05000142,Regent's Park,529090.99,183607.72,-0.14013499999999998,51.536631,Nearest OS Open Map-Local Building,11/05/2017 07:37:20 PM,"(51.536631, -0.140135)",8285,http://opendatacommunities.org/id/london-borough-council/camden,1,Destination,originGGN\00090
6762,GGN\00058,Gaming Notification,College Arms,"18 STORE STREET, LONDON, WC1E 7DH",GA2005,Application Approved,No,,,,,,2008-05-13,,,E05000129,Bloomsbury,529687.22,181815.23,-0.132202,51.520386,Nearest OS Open Map-Local Building,11/05/2017 07:37:20 PM,"(51.520386, -0.132202)",8316,http://opendatacommunities.org/id/london-borough-council/camden,1,Destination,originGGN\00058
6768,GGN\00119,Gaming Notification,The Blues Kitchen,"111 113 CAMDEN HIGH STREET, LONDON, NW1 7JN",GA2005,Application Approved,No,,,,,,2009-01-30,,Camden Town,E05000142,Regent's Park,528998.56,183612.04,-0.141465,51.536691,Nearest OS Open Map-Local Building,11/05/2017 07:37:20 PM,"(51.536691, -0.141465)",8259,http://opendatacommunities.org/id/london-borough-council/camden,1,Destination,originGGN\00119
6870,GGN\00025,Gaming Notification,Blue Lion,"133 GRAY'S INN ROAD, LONDON, WC1X 8TZ",GA2005,Application Approved,No,,,,,,2009-05-18,,,E05000138,Holborn and Covent Garden,530817.46,182196.37,-0.11578,51.523551,Nearest OS Open Map-Local Building,11/05/2017 07:37:20 PM,"(51.523551, -0.11578)",8348,http://opendatacommunities.org/id/london-borough-council/camden,1,Destination,originGGN\00025
7232,GGN\00029,Gaming Notification,Clockhouse,"82 LEATHER LANE, LONDON, EC1N 7TR",GA2005,Application Approved,No,,,,,,2017-01-24,,,E05000138,Holborn and Covent Garden,531278.74,181929.26,-0.10923499999999998,51.521044,Nearest OS Open Map-Local Building,11/05/2017 07:37:20 PM,"(51.521044, -0.109235)",8344,http://opendatacommunities.org/id/london-borough-council/camden,1,Destination,originGGN\00029
7251,GGN\00136,Gaming Notification,Fitzroy Tavern,"16 THE FITZROY TAVERN CHARLOTTE STREET, LONDON, W1T 2LY",GA2005,Application Approved,No,,,,,,2010-06-24,,,E05000129,Bloomsbury,529528.04,181652.4,-0.134555,51.518959,Nearest OS Open Map-Local Building,11/05/2017 07:37:20 PM,"(51.518959, -0.134555)",8242,http://opendatacommunities.org/id/london-borough-council/camden,1,Destination,originGGN\00136
7462,GGN\00064,Gaming Notification,Flask Tavern,"77 HIGHGATE WEST HILL, LONDON, N6 6BU",GA2005,Application Approved,No,,,,,,2008-02-06,,,E05000137,Highgate,528242.16,187280.74,-0.151029,51.569833,Nearest OS Open Map-Local Building,11/05/2017 07:37:20 PM,"(51.569833, -0.151029)",8310,http://opendatacommunities.org/id/london-borough-council/camden,1,Destination,originGGN\00064
8457,GGN\00120,Gaming Notification,Griffin,"125 CLERKENWELL ROAD, LONDON, EC1R 5DB",GA2005,Application Approved,No,,,,,,2009-01-30,,,E05000138,Holborn and Covent Garden,531082.83,181956.55,-0.112046,51.521334,Nearest OS Open Map-Local Building,11/05/2017 07:37:20 PM,"(51.521334, -0.112046)",8258,http://opendatacommunities.org/id/london-borough-council/camden,1,Destination,originGGN\00120
8469,GGN\00032,Gaming Notification,White Hart,"191 DRURY LANE, LONDON, WC2B 5QD",GA2005,Application Approved,No,,,,,,2009-08-14,,Seven Dials,E05000138,Holborn and Covent Garden,530289.5,181377.25,-0.123688,51.516312,Nearest OS Open Map-Local Building,11/05/2017 07:37:20 PM,"(51.516312, -0.123688)",8341,http://opendatacommunities.org/id/london-borough-council/camden,1,Destination,originGGN\00032
8823,GGN\00118,Gaming Notification,Camden Eye,"2 KENTISH TOWN ROAD, LONDON, NW1 9NX",GA2005,Application Approved,No,,,,,,2009-01-29,,Camden Town,E05000130,Camden Town with Primrose Hill,528955.86,183892.26,-0.141978,51.539219,Nearest OS Open Map-Local Building,11/05/2017 07:37:20 PM,"(51.539219, -0.141978)",8260,http://opendatacommunities.org/id/london-borough-council/camden,1,Destination,originGGN\00118
9341,GGN\00154,Gaming Notification,Jeremy Bentham,"31 UNIVERSITY STREET, LONDON, WC1E 6JL",GA2005,Application Approved,No,,,,,,2011-07-13,,,E05000129,Bloomsbury,529472.5,182220.56,-0.135147,51.524078,Nearest OS Open Map-Local Building,11/05/2017 07:37:20 PM,"(51.524078, -0.135147)",8226,http://opendatacommunities.org/id/london-borough-council/camden,1,Destination,originGGN\00154
9504,GGN\00128,Gaming Notification,Crown,"51 NEW OXFORD STREET, LONDON, WC1A 1BL",GA2005,Application Approved,No,,,,,,2010-05-03,,Seven Dials,E05000138,Holborn and Covent Garden,530095.07,181431.33,-0.126469,51.516842,Nearest OS Open Map-Local Building,11/05/2017 07:37:20 PM,"(51.516842, -0.126469)",8250,http://opendatacommunities.org/id/london-borough-council/camden,1,Destination,originGGN\00128
9991,GGN\00040,Gaming Notification,Rising Sun,"46 TOTTENHAM COURT ROAD, LONDON, W1T 2ED",GA2005,Application Approved,No,,,,,,2009-10-26,,,E05000129,Bloomsbury,529579.24,181715.35,-0.133795,51.519513,Nearest OS Open Map-Local Building,11/05/2017 07:37:20 PM,"(51.519513, -0.133795)",8334,http://opendatacommunities.org/id/london-borough-council/camden,1,Destination,originGGN\00040
10021,GGN\00178,Gaming Notification,Hampstead Britannia Hotel,"HAMPSTEAD BRITANNIA HOTEL PRIMROSE HILL ROAD, LONDON, NW3 3NA",GA2005,Application Approved,No,,,,,,2013-01-17,,,E05000128,Belsize,527528.33,184422.69,-0.162358,51.544309999999996,Nearest OS Open Map-Local Building,11/05/2017 07:37:20 PM,"(51.54431, -0.162358)",8202,http://opendatacommunities.org/id/london-borough-council/camden,1,Destination,originGGN\00178
10036,GGN\00194,Gaming Notification,The T.E. Dingwall Building (Formerly Lock 17/Highlight),"EAST YARD CAMDEN LOCK PLACE, LONDON, NW1 8AL",GA2005,Application Approved,No,,,,,,2015-01-22,,Camden Town,E05000130,Camden Town with Primrose Hill,528681.08,184131.14,-0.145851,51.541428,Nearest OS Open Map-Local Building,11/05/2017 07:37:20 PM,"(51.541428, -0.145851)",8187,http://opendatacommunities.org/id/london-borough-council/camden,1,Destination,originGGN\00194
10244,GGN\00181,Gaming Notification,Museum Tavern,"49 GREAT RUSSELL STREET, LONDON, WC1B 3BA",GA2005,Application Approved,No,,,,,,2013-04-25,,Seven Dials,E05000138,Holborn and Covent Garden,530171.1,181600.2,-0.12531199999999998,51.518343,Nearest OS Open Map-Local Building,11/05/2017 07:37:20 PM,"(51.518343, -0.125312)",8200,http://opendatacommunities.org/id/london-borough-council/camden,1,Destination,originGGN\00181
10345,GGN\00201,Gaming Notification,Secrets (Eversholt St),"34  38 EVERSHOLT STREET, LONDON, NW1 1DA",GA2005,Application Approved,No,,,,,,2017-07-04,,,E05000143,St Pancras and Somers Town,529635.38,182806.0,-0.13258499999999998,51.529302,Nearest OS Open Map-Local Building,11/05/2017 07:37:20 PM,"(51.529302, -0.132585)",8180,http://opendatacommunities.org/id/london-borough-council/camden,1,Destination,originGGN\00201
10360,GGN\00108,Gaming Notification,Sir Robert Peel,"108 MALDEN ROAD, LONDON, NW5 4DA",GA2005,Application Approved,No,,,,,,2007-10-25,,,E05000134,Gospel Oak,528172.82,185024.79,-0.15285,51.549575,Nearest OS Open Map-Local Building,11/05/2017 07:37:20 PM,"(51.549575, -0.15285)",8268,http://opendatacommunities.org/id/london-borough-council/camden,1,Destination,originGGN\00108
10583,GGN\00156,Gaming Notification,North Star,"104 FINCHLEY ROAD, LONDON, NW3 5JJ",GA2005,Application Approved,No,,,,,,2011-04-07,,,E05000133,Frognal and Fitzjohns,526418.55,184580.29,-0.178297,51.545976,Nearest OS Open Map-Local Building,11/05/2017 07:37:20 PM,"(51.545976, -0.178297)",8224,http://opendatacommunities.org/id/london-borough-council/camden,1,Destination,originGGN\00156
11057,GGN\00060,Gaming Notification,Mabels Tavern,"9 MABLEDON PLACE, LONDON, WC1H 9AZ",GA2005,Application Approved,No,,,,,,2008-03-05,,,E05000141,King's Cross,530037.1,182663.63,-0.12685,51.52793,Nearest OS Open Map-Local Building,11/05/2017 07:37:20 PM,"(51.52793, -0.12685)",8314,http://opendatacommunities.org/id/london-borough-council/camden,1,Destination,originGGN\00060
11109,GGN\00113,Gaming Notification,Prince Of Wales' Feathers,"8 WARREN STREET, LONDON, W1T 5LD",GA2005,Application Approved,No,,,,,,2007-08-11,,,E05000129,Bloomsbury,529262.93,182199.53,-0.138173,51.523937,Nearest OS Open Map-Local Building,11/05/2017 07:37:20 PM,"(51.523937, -0.138173)",8263,http://opendatacommunities.org/id/london-borough-council/camden,1,Destination,originGGN\00113
11209,GGN\00188,Gaming Notification,Old Bell,"38 KILBURN HIGH ROAD, LONDON, NW6 5UA",GA2005,Application Approved,No,,,,,,2013-11-15,,,E05000140,Kilburn,525481.83,183581.34,-0.192154,51.537207,Nearest OS Open Map-Local Building,11/05/2017 07:37:20 PM,"(51.537207, -0.192154)",8193,http://opendatacommunities.org/id/london-borough-council/camden,1,Destination,originGGN\00188
11276,GGN\00101,Gaming Notification,The Hope Pub,"15 TOTTENHAM STREET, LONDON, W1T 2AJ",GA2005,Application Approved,No,,,,,,2008-04-15,,,E05000129,Bloomsbury,529439.48,181788.23,-0.13578099999999999,51.5202,Nearest OS Open Map-Local Building,11/05/2017 07:37:20 PM,"(51.5202, -0.135781)",8275,http://opendatacommunities.org/id/london-borough-council/camden,1,Destination,originGGN\00101
11535,GGN\00189,Gaming Notification,Pembroke,"150 GLOUCESTER AVENUE, LONDON, NW1 8JA",GA2005,Application Approved,No,,,,,,2013-11-15,,,E05000130,Camden Town with Primrose Hill,528095.65,184217.4,-0.154256,51.542336999999996,Nearest OS Open Map-Local Building,11/05/2017 07:37:20 PM,"(51.542337, -0.154256)",8192,http://opendatacommunities.org/id/london-borough-council/camden,1,Destination,originGGN\00189
11829,GGN\00139,Gaming Notification,Unicorn,"227 CAMDEN ROAD, LONDON, NW1 9AA",GA2005,Application Approved,No,,,,,,2010-06-21,,,E05000139,Kentish Town,529772.57,184964.12,-0.129813,51.548664,Nearest OS Open Map-Local Building,11/05/2017 07:37:20 PM,"(51.548664, -0.129813)",8239,http://opendatacommunities.org/id/london-borough-council/camden,1,Destination,originGGN\00139
11848,GGN\00052,Gaming Notification,Bricklayers Arms,"31 GRESSE STREET, LONDON, W1T 1QS",GA2005,Application Approved,No,,,,,,2007-12-21,,,E05000129,Bloomsbury,529658.98,181501.2,-0.132725,51.51757,Nearest OS Open Map-Local Building,11/05/2017 07:37:20 PM,"(51.51757, -0.132725)",8322,http://opendatacommunities.org/id/london-borough-council/camden,1,Destination,originGGN\00052
11863,GGN\00145,Gaming Notification,Finchley Bell,"317 FINCHLEY ROAD, LONDON, NW3 6EP",GA2005,Application Approved,No,,,,,,2011-03-17,,,E05000145,West Hampstead,526062.43,185005.7,-0.183277,51.549878,Nearest OS Open Map-Local Building,11/05/2017 07:37:20 PM,"(51.549878, -0.183277)",8233,http://opendatacommunities.org/id/london-borough-council/camden,1,Destination,originGGN\00145
11905,GGN\00171,Gaming Notification,Devonshire Arms (Formely Hobgoblin),"33 KENTISH TOWN ROAD, LONDON, NW1 8NL",GA2005,Application Approved,No,,,,,,2012-03-29,,Camden Town,E05000130,Camden Town with Primrose Hill,528911.17,184125.5,-0.142537,51.541325,Nearest OS Open Map-Local Building,11/05/2017 07:37:20 PM,"(51.541325, -0.142537)",8209,http://opendatacommunities.org/id/london-borough-council/camden,1,Destination,originGGN\00171
12096,GGN\00038,Gaming Notification,Calthorpe Arms,"252 GRAY'S INN ROAD, LONDON, WC1X 8JR",GA2005,Application Approved,No,,,,,,2009-08-10,,,E05000141,King's Cross,530818.21,182341.18,-0.11571600000000001,51.524852,Nearest OS Open Map-Local Building,11/05/2017 07:37:20 PM,"(51.524852, -0.115716)",8336,http://opendatacommunities.org/id/london-borough-council/camden,1,Destination,originGGN\00038
12165,GGN\00017,Gaming Notification,King William The Fourth,"77 HAMPSTEAD HIGH STREET, LONDON, NW3 1RE",GA2005,Application Rejected,No,,,,,,2009-03-13,07/04/2009,,E05000135,Hampstead Town,526487.6,185635.22,-0.176922,51.555440999999995,Nearest OS Open Map-Local Building,11/05/2017 07:37:20 PM,"(51.555441, -0.176922)",8356,http://opendatacommunities.org/id/london-borough-council/camden,1,Destination,originGGN\00017
12295,GGN\00131,Gaming Notification,The Knights Templar,"95 CHANCERY LANE, LONDON, WC2A 1DT",GA2005,Application Approved,No,,,,,,2010-04-05,,,E05000138,Holborn and Covent Garden,531090.6,181320.83,-0.112171,51.51562,Nearest OS Open Map-Local Building,11/05/2017 07:37:20 PM,"(51.51562, -0.112171)",8247,http://opendatacommunities.org/id/london-borough-council/camden,1,Destination,originGGN\00131
12576,GGN\00078,Gaming Notification,Philomena's,"40 GREAT QUEEN STREET, LONDON, WC2B 5AA",GA2005,Application Approved,No,,,,,,2008-01-14,,,,,530342.31,181211.81,-0.12298900000000001,51.514813000000004,Nearest OS Open Map-Local Building,11/05/2017 07:37:20 PM,"(51.514813, -0.122989)",8297,http://opendatacommunities.org/id/london-borough-council/camden,1,Destination,originGGN\00078
12758,GGN\00048,Gaming Notification,Devonshire Arms (Formely Hobgoblin),"33 KENTISH TOWN ROAD, LONDON, NW1 8NL",GA2005,Application Approved,No,,,,,,2010-01-02,,Camden Town,E05000130,Camden Town with Primrose Hill,528911.17,184125.5,-0.142537,51.541325,Nearest OS Open Map-Local Building,11/05/2017 07:37:20 PM,"(51.541325, -0.142537)",8326,http://opendatacommunities.org/id/london-borough-council/camden,1,Destination,originGGN\00048
12849,GGN\00164,Gaming Notification,Somerstown Coffee House,"60 CHALTON STREET, LONDON, NW1 1HS",GA2005,Application Approved,No,,,,,,2011-10-10,,,E05000143,St Pancras and Somers Town,529759.5,182885.77,-0.130767,51.529990000000005,Nearest OS Open Map-Local Building,11/05/2017 07:37:20 PM,"(51.52999, -0.130767)",8216,http://opendatacommunities.org/id/london-borough-council/camden,1,Destination,originGGN\00164
13210,GGN\00144,Gaming Notification,Venus (formerly City Burlesque),"29  35 FARRINGDON POINT FARRINGDON ROAD, LONDON, EC1M 3JF",GA2005,Application Approved,No,,,,,,2011-02-02,,,E05000138,Holborn and Covent Garden,531474.99,181866.79,-0.106431,51.520437,Nearest OS Open Map-Local Building,11/05/2017 07:37:20 PM,"(51.520437, -0.106431)",8234,http://opendatacommunities.org/id/london-borough-council/camden,1,Destination,originGGN\00144
13409,GGN\00140,Gaming Notification,Shaker & Company,"119 HAMPSTEAD ROAD, LONDON, NW1 3EE",GA2005,Application Approved,No,,,,,,2010-06-30,,,E05000142,Regent's Park,529184.17,182645.2,-0.139145,51.52796,Nearest OS Open Map-Local Building,11/05/2017 07:37:20 PM,"(51.52796, -0.139145)",8238,http://opendatacommunities.org/id/london-borough-council/camden,1,Destination,originGGN\00140
13659,GGN\00130,Gaming Notification,Doric Arch,"1 EVERSHOLT STREET, LONDON, NW1 2DN",GA2005,Application Approved,No,,,,,,2010-05-05,,,E05000142,Regent's Park,529640.4,182642.24,-0.132573,51.527829,Nearest OS Open Map-Local Building,11/05/2017 07:37:20 PM,"(51.527829, -0.132573)",8248,http://opendatacommunities.org/id/london-borough-council/camden,1,Destination,originGGN\00130
13898,GGN\00122,Gaming Notification,Euston Flyer,"83  87 EUSTON ROAD, LONDON, NW1 2RA",GA2005,Application Approved,No,,,,,,2010-01-26,,,E05000141,King's Cross,530037.31,182728.95,-0.126822,51.528517,Nearest OS Open Map-Local Building,11/05/2017 07:37:20 PM,"(51.528517, -0.126822)",8256,http://opendatacommunities.org/id/london-borough-council/camden,1,Destination,originGGN\00122
14019,GGN\00112,Gaming Notification,Lyttelton Arms,"1 CAMDEN HIGH STREET, LONDON, NW1 7JE",GA2005,Application Approved,No,,,,,,2007-08-11,,Camden Town,E05000142,Regent's Park,529129.52,183417.31,-0.139649,51.534911,Nearest OS Open Map-Local Building,11/05/2017 07:37:20 PM,"(51.534911, -0.139649)",8264,http://opendatacommunities.org/id/london-borough-council/camden,1,Destination,originGGN\00112
14457,GGN\00149,Gaming Notification,Salsa!,"96 CHARING CROSS ROAD, LONDON, WC2H 0JG",GA2005,Application Approved,No,,,,,,2011-05-16,,Seven Dials,E05000138,Holborn and Covent Garden,529928.6,181110.66,-0.128985,51.513999,Nearest OS Open Map-Local Building,11/05/2017 07:37:20 PM,"(51.513999, -0.128985)",8230,http://opendatacommunities.org/id/london-borough-council/camden,1,Destination,originGGN\00149
14631,GGN\00070,Gaming Notification,New Market Inn,"17 YORK WAY, LONDON, N7 9QG",GA2005,Application Approved,No,,,,,,2012-02-14,,,E05000131,Cantelowes,530004.99,184347.96,-0.126691,51.543074,Nearest OS Open Map-Local Building,11/05/2017 07:37:20 PM,"(51.543074, -0.126691)",8304,http://opendatacommunities.org/id/london-borough-council/camden,1,Destination,originGGN\00070
15007,GGN\00126,Gaming Notification,Ye Olde Swiss Cottage,"98 FINCHLEY ROAD, LONDON, NW3 5EL",GA2005,Application Approved,No,,,,,,2010-03-31,,,E05000144,Swiss Cottage,526683.56,184215.33,-0.17460799999999999,51.542636,Nearest OS Open Map-Local Building,11/05/2017 07:37:20 PM,"(51.542636, -0.174608)",8252,http://opendatacommunities.org/id/london-borough-council/camden,1,Destination,originGGN\00126
15049,GGN\00183,Gaming Notification,Apple Tree,"45 THE APPLE TREE MOUNT PLEASANT, LONDON, WC1X 0AE",GA2005,Application Approved,No,,,,,,2013-05-23,,,E05000138,Holborn and Covent Garden,531079.29,182172.38,-0.112017,51.523275,Nearest OS Open Map-Local Building,11/05/2017 07:37:20 PM,"(51.523275, -0.112017)",8198,http://opendatacommunities.org/id/london-borough-council/camden,1,Destination,originGGN\00183
15129,GGN\00182,Gaming Notification,Crown & Anchor,"22 NEAL STREET, LONDON, WC2H 9PS",GA2005,Application Approved,No,,,,,,2013-04-24,,Seven Dials,E05000138,Holborn and Covent Garden,530186.77,181145.01,-0.125254,51.514247999999995,Nearest OS Open Map-Local Building,11/05/2017 07:37:20 PM,"(51.514248, -0.125254)",8199,http://opendatacommunities.org/id/london-borough-council/camden,1,Destination,originGGN\00182
15177,GGN\00089,Gaming Notification,Swan,"7 COSMO PLACE, LONDON, WC1N 3AP",GA2005,Application Approved,No,,,,,,2008-01-21,,,E05000138,Holborn and Covent Garden,530280.54,181985.11,-0.12359300000000001,51.521776,Nearest OS Open Map-Local Building,11/05/2017 07:37:20 PM,"(51.521776, -0.123593)",8286,http://opendatacommunities.org/id/london-borough-council/camden,1,Destination,originGGN\00089
15283,GGN\00043,Gaming Notification,New Market Inn,"17 YORK WAY, LONDON, N7 9QG",GA2005,Application Approved,No,,,,,,2012-02-14,,,E05000131,Cantelowes,530004.99,184347.96,-0.126691,51.543074,Nearest OS Open Map-Local Building,11/05/2017 07:37:20 PM,"(51.543074, -0.126691)",8331,http://opendatacommunities.org/id/london-borough-council/camden,1,Destination,originGGN\00043
15369,GGN\00053,Gaming Notification,Plough,"27 MUSEUM STREET, LONDON, WC1A 1LH",GA2005,Application Approved,No,,,,,,2008-04-16,,Seven Dials,E05000138,Holborn and Covent Garden,530110.46,181545.51,-0.12620499999999998,51.517865,Nearest OS Open Map-Local Building,11/05/2017 07:37:20 PM,"(51.517865, -0.126205)",8321,http://opendatacommunities.org/id/london-borough-council/camden,1,Destination,originGGN\00053
15785,GGN\00071,Gaming Notification,Mamelon Tower,"149 THE MAMELON TOWER GRAFTON ROAD, LONDON, NW5 4AY",GA2005,Application Approved,No,,,,,,2008-02-09,,,E05000134,Gospel Oak,528367.35,185173.47,-0.14999200000000001,51.550867,Nearest OS Open Map-Local Building,11/05/2017 07:37:20 PM,"(51.550867, -0.149992)",8303,http://opendatacommunities.org/id/london-borough-council/camden,1,Destination,originGGN\00071
16013,GGN\00163,Gaming Notification,Salsa!,"96 CHARING CROSS ROAD, LONDON, WC2H 0JG",GA2005,Application Approved,No,,,,,,2011-08-25,,Seven Dials,E05000138,Holborn and Covent Garden,529928.6,181110.66,-0.128985,51.513999,Nearest OS Open Map-Local Building,11/05/2017 07:37:20 PM,"(51.513999, -0.128985)",8217,http://opendatacommunities.org/id/london-borough-council/camden,1,Destination,originGGN\00163
16368,GGN\00086,Gaming Notification,Lord Southampton,"2 SOUTHAMPTON ROAD, LONDON, NW5 4HX",GA2005,Application Approved,No,,,,,,2007-12-13,,,E05000136,Haverstock,527933.83,185006.47,-0.156302,51.549464,Nearest OS Open Map-Local Building,11/05/2017 07:37:20 PM,"(51.549464, -0.156302)",8289,http://opendatacommunities.org/id/london-borough-council/camden,1,Destination,originGGN\00086
16579,GGN\00087,Gaming Notification,Lock Tavern,"35 CHALK FARM ROAD, LONDON, NW1 8AJ",GA2005,Application Approved,No,,,,,,2008-01-16,,Camden Town,E05000130,Camden Town with Primrose Hill,528501.86,184259.1,-0.148387,51.542619,Nearest OS Open Map-Local Building,11/05/2017 07:37:20 PM,"(51.542619, -0.148387)",8288,http://opendatacommunities.org/id/london-borough-council/camden,1,Destination,originGGN\00087
16722,GGN\00061,Gaming Notification,GEORGE P.H.,"8 GREAT QUEEN STREET, LONDON, WC2B 5DH",GA2005,Application Approved,No,,,,,,2008-02-05,,Seven Dials,E05000138,Holborn and Covent Garden,530459.49,181314.37,-0.12126300000000001,51.515707,Nearest OS Open Map-Local Building,11/05/2017 07:37:20 PM,"(51.515707, -0.121263)",8313,http://opendatacommunities.org/id/london-borough-council/camden,1,Destination,originGGN\00061
17185,GGN\00045,Gaming Notification,Queens Head,"66 ACTON STREET, LONDON, WC1X 9NB",GA2005,Application Approved,No,,,,,,2009-10-26,,,E05000141,King's Cross,530616.1,182754.21,-0.118474,51.528611,Nearest OS Open Map-Local Building,11/05/2017 07:37:20 PM,"(51.528611, -0.118474)",8329,http://opendatacommunities.org/id/london-borough-council/camden,1,Destination,originGGN\00045
17204,GGN\00138,Gaming Notification,Pakenham Arms,"1 PAKENHAM STREET, LONDON, WC1X 0LA",GA2005,Application Approved,No,,,,,,2010-06-21,,,E05000141,King's Cross,530887.52,182392.96,-0.11469800000000001,51.525301,Nearest OS Open Map-Local Building,11/05/2017 07:37:20 PM,"(51.525301, -0.114698)",8240,http://opendatacommunities.org/id/london-borough-council/camden,1,Destination,originGGN\00138
17375,GGN\00016,Gaming Notification,King William The Fourth,"77 HAMPSTEAD HIGH STREET, LONDON, NW3 1RE",GA2005,Application Approved,No,,,,,,2009-03-03,,,E05000135,Hampstead Town,526487.6,185635.22,-0.176922,51.555440999999995,Nearest OS Open Map-Local Building,11/05/2017 07:37:20 PM,"(51.555441, -0.176922)",8357,http://opendatacommunities.org/id/london-borough-council/camden,1,Destination,originGGN\00016
17472,GGN\00027,Gaming Notification,The Blues Kitchen,"111 113 CAMDEN HIGH STREET, LONDON, NW1 7JN",GA2005,Application Approved,No,,,,,,2009-06-23,,Camden Town,E05000142,Regent's Park,528998.56,183612.04,-0.141465,51.536691,Nearest OS Open Map-Local Building,11/05/2017 07:37:20 PM,"(51.536691, -0.141465)",8346,http://opendatacommunities.org/id/london-borough-council/camden,1,Destination,originGGN\00027
17673,GGN\00147,Gaming Notification,Sir Richard Steele,"97 HAVERSTOCK HILL, LONDON, NW3 4RL",GA2005,Application Approved,No,,,,,,2011-04-15,,,E05000128,Belsize,527774.46,184692.48,-0.15871300000000002,51.546679,Nearest OS Open Map-Local Building,11/05/2017 07:37:20 PM,"(51.546679, -0.158713)",8231,http://opendatacommunities.org/id/london-borough-council/camden,1,Destination,originGGN\00147
17777,GGN\00152,Gaming Notification,Fitzrovia Belle (previously Mortimer Arms),"174 TOTTENHAM COURT ROAD, LONDON, W1T 7NT",GA2005,Application Approved,No,,,,,,2011-04-07,,,E05000129,Bloomsbury,529442.25,182097.14,-0.135628,51.522976,Nearest OS Open Map-Local Building,11/05/2017 07:37:20 PM,"(51.522976, -0.135628)",8228,http://opendatacommunities.org/id/london-borough-council/camden,1,Destination,originGGN\00152
17844,GGN\00041,Gaming Notification,Lilly Langtree,"121 ABBEY ROAD, LONDON, NW6 4SL",GA2005,Application Approved,No,,,,,,2009-10-26,,,E05000140,Kilburn,525740.21,183879.85,-0.188324,51.539832000000004,Nearest OS Open Map-Local Building,11/05/2017 07:37:20 PM,"(51.539832, -0.188324)",8333,http://opendatacommunities.org/id/london-borough-council/camden,1,Destination,originGGN\00041
17887,GGN\00021,Gaming Notification,Brookes Brothers Wine Bar & Brasserie,"33 BROOKE STREET, LONDON, EC1N 7RS",GA2005,Application Approved,No,,,,,,2009-11-05,,,E05000138,Holborn and Covent Garden,531153.32,181689.81,-0.11112999999999999,51.518921,Nearest OS Open Map-Local Building,11/05/2017 07:37:20 PM,"(51.518921, -0.11113)",8352,http://opendatacommunities.org/id/london-borough-council/camden,1,Destination,originGGN\00021
17978,GGN\00132,Gaming Notification,Freemasons Arms,"32 DOWNSHIRE HILL, LONDON, NW3 1NT",GA2005,Application Approved,No,,,,,,2010-05-19,,,E05000135,Hampstead Town,527018.71,185840.46,-0.169192,51.557165999999995,Nearest OS Open Map-Local Building,11/05/2017 07:37:20 PM,"(51.557166, -0.169192)",8246,http://opendatacommunities.org/id/london-borough-council/camden,1,Destination,originGGN\00132
18082,GGN\00103,Gaming Notification,The Roebuck,"15 POND STREET, LONDON, NW3 2PN",GA2005,Application Approved,No,,,,,,2008-03-10,,,E05000135,Hampstead Town,527128.82,185470.77,-0.167738,51.553819,Nearest OS Open Map-Local Building,11/05/2017 07:37:20 PM,"(51.553819, -0.167738)",8273,http://opendatacommunities.org/id/london-borough-council/camden,1,Destination,originGGN\00103
18359,GGN\00177,Gaming Notification,Old Oak,"1 MANSFIELD ROAD, LONDON, NW3 2JD",GA2005,Application Approved,No,,,,,,2012-10-25,,,E05000134,Gospel Oak,528279.2,185599.66,-0.151107,51.554717,Nearest OS Open Map-Local Building,11/05/2017 07:37:20 PM,"(51.554717, -0.151107)",8203,http://opendatacommunities.org/id/london-borough-council/camden,1,Destination,originGGN\00177
18412,GGN\00081,Gaming Notification,Smugglers Tavern,"28 WARREN STREET, LONDON, W1T 5ND",GA2005,Application Approved,No,,,,,,2007-11-21,,,E05000129,Bloomsbury,529087.01,182151.41,-0.140725,51.523545,Nearest OS Open Map-Local Building,11/05/2017 07:37:20 PM,"(51.523545, -0.140725)",8294,http://opendatacommunities.org/id/london-borough-council/camden,1,Destination,originGGN\00081
18725,GGN\00062,Gaming Notification,The Court,"108A TOTTENHAM COURT ROAD, LONDON, W1T 5AA",GA2005,Application Approved,No,,,,,,2008-07-05,,,E05000129,Bloomsbury,529311.16,182112.36,-0.137511,51.523142,Nearest OS Open Map-Local Building,11/05/2017 07:37:20 PM,"(51.523142, -0.137511)",8312,http://opendatacommunities.org/id/london-borough-council/camden,1,Destination,originGGN\00062
19268,GGN\00057,Gaming Notification,The Queen's Head (formerly Coco Momo Restaurant),"64 THEOBALD'S ROAD, LONDON, WC1X 8SF",GA2005,Application Approved,No,,,,,,2007-12-20,,,E05000138,Holborn and Covent Garden,530706.85,181886.63,-0.11748800000000001,51.520793,Nearest OS Open Map-Local Building,11/05/2017 07:37:20 PM,"(51.520793, -0.117488)",8317,http://opendatacommunities.org/id/london-borough-council/camden,1,Destination,originGGN\00057
19469,GGN\00030,Gaming Notification,The Black Lion,"295 WEST END LANE, LONDON, NW6 1RD",GA2005,Application Approved,No,,,,,,2009-07-22,,,E05000145,West Hampstead,525451.24,185138.82,-0.19204000000000002,51.551211,Nearest OS Open Map-Local Building,11/05/2017 07:37:20 PM,"(51.551211, -0.19204)",8343,http://opendatacommunities.org/id/london-borough-council/camden,1,Destination,originGGN\00030
20145,GGN\00116,Gaming Notification,The Earl of Camden,"55 PARKWAY, LONDON, NW1 7PN",GA2005,Application Approved,No,,,,,,2009-01-14,,Camden Town,E05000130,Camden Town with Primrose Hill,528830.64,183707.33,-0.14385,51.537586,Nearest OS Open Map-Local Building,11/05/2017 07:37:20 PM,"(51.537586, -0.14385)",8262,http://opendatacommunities.org/id/london-borough-council/camden,1,Destination,originGGN\00116
20203,GGN\00187,Gaming Notification,Mcglynn's,"3   5 WHIDBORNE STREET, LONDON, WC1H 8ET",GA2005,Application Approved,No,,,,,,2014-01-30,,,E05000141,King's Cross,530264.05,182745.8,-0.12355,51.528616,Nearest OS Open Map-Local Building,11/05/2017 07:37:20 PM,"(51.528616, -0.12355)",8194,http://opendatacommunities.org/id/london-borough-council/camden,1,Destination,originGGN\00187
20487,GGN\00039,Gaming Notification,Lucas Arms,"245A GRAY'S INN ROAD, LONDON, WC1X 8QY",GA2005,Application Approved,No,,,,,,2009-10-21,,,E05000141,King's Cross,530523.24,182736.38,-0.11981900000000001,51.528472,Nearest OS Open Map-Local Building,11/05/2017 07:37:20 PM,"(51.528472, -0.119819)",8335,http://opendatacommunities.org/id/london-borough-council/camden,1,Destination,originGGN\00039
20724,GGN\00197,Gaming Notification,Bucks Head,"202 CAMDEN HIGH STREET, LONDON, NW1 8QR",GA2005,Application Approved,No,,,,,,2015-09-29,,Camden Town,E05000130,Camden Town with Primrose Hill,528875.15,183997.79,-0.143102,51.540186,Nearest OS Open Map-Local Building,11/05/2017 07:37:20 PM,"(51.540186, -0.143102)",8184,http://opendatacommunities.org/id/london-borough-council/camden,1,Destination,originGGN\00197
20970,GGN\00151,Gaming Notification,Sir Richard Steele,"97 HAVERSTOCK HILL, LONDON, NW3 4RL",GA2005,Application Approved,No,,,,,,2011-08-06,,,E05000128,Belsize,527774.46,184692.48,-0.15871300000000002,51.546679,Nearest OS Open Map-Local Building,11/05/2017 07:37:20 PM,"(51.546679, -0.158713)",8229,http://opendatacommunities.org/id/london-borough-council/camden,1,Destination,originGGN\00151
21143,GGN\00077,Gaming Notification,Odeon Cinema,"135 149 SHAFTESBURY AVENUE, LONDON, WC2H 8AH",GA2005,Application Approved,No,,,,,,2008-01-14,,Seven Dials,E05000138,Holborn and Covent Garden,529979.94,181143.25,-0.12823299999999999,51.51428,Nearest OS Open Map-Local Building,11/05/2017 07:37:20 PM,"(51.51428, -0.128233)",8298,http://opendatacommunities.org/id/london-borough-council/camden,1,Destination,originGGN\00077
21277,GGN\00085,Gaming Notification,Edinboro Castle,"57 MORNINGTON TERRACE, LONDON, NW1 7RU",GA2005,Application Approved,No,,,,,,2007-12-12,,Camden Town,E05000142,Regent's Park,528759.31,183538.72,-0.14494,51.536087,Nearest OS Open Map-Local Building,11/05/2017 07:37:20 PM,"(51.536087, -0.14494)",8290,http://opendatacommunities.org/id/london-borough-council/camden,1,Destination,originGGN\00085
21752,GGN\00172,Gaming Notification,Grafton Arms,"20 PRINCE OF WALES ROAD, LONDON, NW5 3LG",GA2005,Application Approved,No,,,,,,2012-07-16,,,E05000139,Kentish Town,528728.59,184759.16,-0.14493599999999998,51.547061,Nearest OS Open Map-Local Building,11/05/2017 07:37:20 PM,"(51.547061, -0.144936)",8208,http://opendatacommunities.org/id/london-borough-council/camden,1,Destination,originGGN\00172
22190,GGN\00028,Gaming Notification,Colonel Fawcett,"1 RANDOLPH STREET, LONDON, NW1 0SS",GA2005,Application Approved,No,,,,,,2009-07-22,,,E05000131,Cantelowes,529363.05,184171.91,-0.136007,51.541639,Nearest OS Open Map-Local Building,11/05/2017 07:37:20 PM,"(51.541639, -0.136007)",8345,http://opendatacommunities.org/id/london-borough-council/camden,1,Destination,originGGN\00028
22231,GGN\00046,Gaming Notification,Lady Ottoline,"11A NORTHINGTON STREET, LONDON, WC1N 2JF",GA2005,Application Approved,No,,,,,,2009-11-18,,,E05000138,Holborn and Covent Garden,530903.07,181994.78,-0.114622,51.521719,Nearest OS Open Map-Local Building,11/05/2017 07:37:20 PM,"(51.521719, -0.114622)",8328,http://opendatacommunities.org/id/london-borough-council/camden,1,Destination,originGGN\00046
22299,GGN\00173,Gaming Notification,Belushis Bar,"48  50 CAMDEN HIGH STREET, LONDON, NW1 0LT",GA2005,Application Approved,No,,,,,,2012-07-24,,Camden Town,E05000142,Regent's Park,529090.99,183607.72,-0.14013499999999998,51.536631,Nearest OS Open Map-Local Building,11/05/2017 07:37:20 PM,"(51.536631, -0.140135)",8207,http://opendatacommunities.org/id/london-borough-council/camden,1,Destination,originGGN\00173
22542,GGN\00069,Gaming Notification,Pembroke,"150 GLOUCESTER AVENUE, LONDON, NW1 8JA",GA2005,Application Approved,No,,,,,,2008-04-08,,,E05000130,Camden Town with Primrose Hill,528095.65,184217.4,-0.154256,51.542336999999996,Nearest OS Open Map-Local Building,11/05/2017 07:37:20 PM,"(51.542337, -0.154256)",8305,http://opendatacommunities.org/id/london-borough-council/camden,1,Destination,originGGN\00069
22807,GGN\00079,Gaming Notification,Somerstown Coffee House,"60 CHALTON STREET, LONDON, NW1 1HS",GA2005,Application Approved,No,,,,,,2007-07-11,,,E05000143,St Pancras and Somers Town,529759.5,182885.77,-0.130767,51.529990000000005,Nearest OS Open Map-Local Building,11/05/2017 07:37:20 PM,"(51.52999, -0.130767)",8296,http://opendatacommunities.org/id/london-borough-council/camden,1,Destination,originGGN\00079
23783,GGN\00036,Gaming Notification,The T.E. Dingwall Building (Formerly Lock 17/Highlight),"EAST YARD CAMDEN LOCK PLACE, LONDON, NW1 8AL",GA2005,Application Approved,No,,,,,,2009-10-21,,Camden Town,E05000130,Camden Town with Primrose Hill,528681.08,184131.14,-0.145851,51.541428,Nearest OS Open Map-Local Building,11/05/2017 07:37:20 PM,"(51.541428, -0.145851)",8338,http://opendatacommunities.org/id/london-borough-council/camden,1,Destination,originGGN\00036
23878,GGN\00192,Gaming Notification,Premier Inn (proposed),"29  37 RED LION STREET, LONDON, WC1R 4PP",GA2005,Application Approved,No,,,,,,2014-03-07,,,E05000138,Holborn and Covent Garden,530745.15,181817.95,-0.11696199999999998,51.520167,Nearest OS Open Map-Local Building,11/05/2017 07:37:20 PM,"(51.520167, -0.116962)",8189,http://opendatacommunities.org/id/london-borough-council/camden,1,Destination,originGGN\00192
23958,GGN\00065,Gaming Notification,Hope & Anchor,"74 CROWNDALE ROAD, LONDON, NW1 1TP",GA2005,Application Approved,No,,,,,,2008-01-07,,Camden Town,E05000142,Regent's Park,529270.44,183351.25,-0.13764300000000002,51.534285,Nearest OS Open Map-Local Building,11/05/2017 07:37:20 PM,"(51.534285, -0.137643)",8309,http://opendatacommunities.org/id/london-borough-council/camden,1,Destination,originGGN\00065
23970,GGN\00051,Gaming Notification,Old Bell,"38 KILBURN HIGH ROAD, LONDON, NW6 5UA",GA2005,Application Approved,No,,,,,,2007-08-15,,,E05000140,Kilburn,525481.83,183581.34,-0.192154,51.537207,Nearest OS Open Map-Local Building,11/05/2017 07:37:20 PM,"(51.537207, -0.192154)",8323,http://opendatacommunities.org/id/london-borough-council/camden,1,Destination,originGGN\00051
24844,GGN\00098,Gaming Notification,Draft House,"43 GOODGE STREET, LONDON, W1T 1TA",GA2005,Application Approved,No,,,,,,2008-03-31,,,E05000129,Bloomsbury,529442.0,181657.07,-0.135793,51.519021,Nearest OS Open Map-Local Building,11/05/2017 07:37:20 PM,"(51.519021, -0.135793)",8278,http://opendatacommunities.org/id/london-borough-council/camden,1,Destination,originGGN\00098
24871,GGN\00083,Gaming Notification,Spearmint Rhino,"161 TOTTENHAM COURT ROAD, LONDON, W1T 7NN",GA2005,Application Approved,No,,,,,,2007-07-12,,,E05000129,Bloomsbury,529383.14,182142.58,-0.136463,51.523398,Nearest OS Open Map-Local Building,11/05/2017 07:37:20 PM,"(51.523398, -0.136463)",8292,http://opendatacommunities.org/id/london-borough-council/camden,1,Destination,originGGN\00083
24984,GGN\00095,Gaming Notification,Sheephaven Bay,"2 MORNINGTON STREET, LONDON, NW1 7QD",GA2005,Application Approved,No,,,,,,2008-08-03,,Camden Town,E05000142,Regent's Park,528987.31,183448.01,-0.14168699999999998,51.53522,Nearest OS Open Map-Local Building,11/05/2017 07:37:20 PM,"(51.53522, -0.141687)",8281,http://opendatacommunities.org/id/london-borough-council/camden,1,Destination,originGGN\00095
25132,GGN\00018,Gaming Notification,Blackheart (Prev  Camden Tup),"2   3 GREENLAND PLACE, LONDON, NW1 0AP",GA2005,Application Approved,No,,,,,,2009-09-04,,Camden Town,E05000130,Camden Town with Primrose Hill,528966.15,183826.35,-0.141854,51.538624,Nearest OS Open Map-Local Building,11/05/2017 07:37:20 PM,"(51.538624, -0.141854)",8355,http://opendatacommunities.org/id/london-borough-council/camden,1,Destination,originGGN\00018
25441,GGN\00175,Gaming Notification,Pembroke,"150 GLOUCESTER AVENUE, LONDON, NW1 8JA",GA2005,Application Approved,No,,,,,,2012-06-08,,,E05000130,Camden Town with Primrose Hill,528095.65,184217.4,-0.154256,51.542336999999996,Nearest OS Open Map-Local Building,11/05/2017 07:37:20 PM,"(51.542337, -0.154256)",8205,http://opendatacommunities.org/id/london-borough-council/camden,1,Destination,originGGN\00175
25637,GGN\00073,Gaming Notification,Escape,"2 LIDLINGTON PLACE, LONDON, NW1 2JU",GA2005,Application Approved,No,,,,,,2008-10-01,,,E05000143,St Pancras and Somers Town,529284.81,183173.81,-0.137501,51.532687,Nearest OS Open Map-Local Building,11/05/2017 07:37:20 PM,"(51.532687, -0.137501)",8301,http://opendatacommunities.org/id/london-borough-council/camden,1,Destination,originGGN\00073
25683,GGN\00176,Gaming Notification,New Market Inn,"17 YORK WAY, LONDON, N7 9QG",GA2005,Application Approved,No,,,,,,2012-09-27,,,E05000131,Cantelowes,530004.99,184347.96,-0.126691,51.543074,Nearest OS Open Map-Local Building,11/05/2017 07:37:20 PM,"(51.543074, -0.126691)",8204,http://opendatacommunities.org/id/london-borough-council/camden,1,Destination,originGGN\00176
25732,GGN\00019,Gaming Notification,The Clerk and Well,"156 CLERKENWELL ROAD, LONDON, EC1R 5DU",GA2005,Application Approved,No,,,,,,2009-09-04,,,E05000138,Holborn and Covent Garden,531171.97,182087.89,-0.110714,51.522494,Nearest OS Open Map-Local Building,11/05/2017 07:37:20 PM,"(51.522494, -0.110714)",8354,http://opendatacommunities.org/id/london-borough-council/camden,1,Destination,originGGN\00019
25770,GGN\00111,Gaming Notification,Nisa (formerly Leighton Arms),"101 BRECKNOCK ROAD, LONDON, N7 0DA",GA2005,Application Approved,No,,,,,,2014-12-06,,,E05000139,Kentish Town,529549.72,185368.07,-0.132877,51.552346,Nearest OS Open Map-Local Building,11/05/2017 07:37:20 PM,"(51.552346, -0.132877)",8265,http://opendatacommunities.org/id/london-borough-council/camden,1,Destination,originGGN\00111
26408,GGN\00037,Gaming Notification,Be At One,"55 CAMDEN HIGH STREET, LONDON, NW1 7JH",GA2005,Application Approved,No,,,,,,2009-09-24,,Camden Town,E05000142,Regent's Park,529083.06,183480.97,-0.140296,51.535494,Nearest OS Open Map-Local Building,11/05/2017 07:37:20 PM,"(51.535494, -0.140296)",8337,http://opendatacommunities.org/id/london-borough-council/camden,1,Destination,originGGN\00037
26441,GGN\00143,Gaming Notification,Black Cap,"171 CAMDEN HIGH STREET, LONDON, NW1 7JY",GA2005,Application Approved,No,,,,,,2010-10-19,,Camden Town,E05000130,Camden Town with Primrose Hill,528919.45,183783.2,-0.142543,51.538247,Nearest OS Open Map-Local Building,11/05/2017 07:37:20 PM,"(51.538247, -0.142543)",8235,http://opendatacommunities.org/id/london-borough-council/camden,1,Destination,originGGN\00143
26473,GGN\00184,Gaming Notification,Old Bell,"38 KILBURN HIGH ROAD, LONDON, NW6 5UA",GA2005,Application Approved,No,,,,,,2013-10-31,,,E05000140,Kilburn,525481.83,183581.34,-0.192154,51.537207,Nearest OS Open Map-Local Building,11/05/2017 07:37:20 PM,"(51.537207, -0.192154)",8197,http://opendatacommunities.org/id/london-borough-council/camden,1,Destination,originGGN\00184
26942,GGN\00137,Gaming Notification,Cittie Of Yorke,"22 CITY OF YORK PUB HIGH HOLBORN, LONDON, WC1V 6BN",GA2005,Application Approved,No,,,,,,2010-06-25,,,E05000138,Holborn and Covent Garden,531083.16,181645.79,-0.11215699999999999,51.518542,Nearest OS Open Map-Local Building,11/05/2017 07:37:20 PM,"(51.518542, -0.112157)",8241,http://opendatacommunities.org/id/london-borough-council/camden,1,Destination,originGGN\00137
27062,GGN\00160,Gaming Notification,Slattery's Bar,"69 CAMDEN ROAD, LONDON, NW1 9EU",GA2005,Application Approved,No,,,,,,2011-09-26,,,E05000131,Cantelowes,529188.17,184261.8,-0.138495,51.542487,Nearest OS Open Map-Local Building,11/05/2017 07:37:20 PM,"(51.542487, -0.138495)",8220,http://opendatacommunities.org/id/london-borough-council/camden,1,Destination,originGGN\00160
27198,GGN\00165,Gaming Notification,Somerstown Coffee House,"60 CHALTON STREET, LONDON, NW1 1HS",GA2005,Application Approved,No,,,,,,2011-10-18,,,E05000143,St Pancras and Somers Town,529759.5,182885.77,-0.130767,51.529990000000005,Nearest OS Open Map-Local Building,11/05/2017 07:37:20 PM,"(51.52999, -0.130767)",8215,http://opendatacommunities.org/id/london-borough-council/camden,1,Destination,originGGN\00165
27353,GGN\00185,Gaming Notification,Pembroke,"150 GLOUCESTER AVENUE, LONDON, NW1 8JA",GA2005,Application Approved,No,,,,,,2013-10-31,,,E05000130,Camden Town with Primrose Hill,528095.65,184217.4,-0.154256,51.542336999999996,Nearest OS Open Map-Local Building,11/05/2017 07:37:20 PM,"(51.542337, -0.154256)",8196,http://opendatacommunities.org/id/london-borough-council/camden,1,Destination,originGGN\00185
27762,GGN\00169,Gaming Notification,New Market Inn,"17 YORK WAY, LONDON, N7 9QG",GA2005,Application Approved,No,,,,,,2012-06-02,,,E05000131,Cantelowes,530004.99,184347.96,-0.126691,51.543074,Nearest OS Open Map-Local Building,11/05/2017 07:37:20 PM,"(51.543074, -0.126691)",8211,http://opendatacommunities.org/id/london-borough-council/camden,1,Destination,originGGN\00169
27830,GGN\00096,Gaming Notification,Blackheart (Prev  Camden Tup),"2   3 GREENLAND PLACE, LONDON, NW1 0AP",GA2005,Application Approved,No,,,,,,2008-03-13,,Camden Town,E05000130,Camden Town with Primrose Hill,528966.15,183826.35,-0.141854,51.538624,Nearest OS Open Map-Local Building,11/05/2017 07:37:20 PM,"(51.538624, -0.141854)",8280,http://opendatacommunities.org/id/london-borough-council/camden,1,Destination,originGGN\00096
27932,GGN\00080,Gaming Notification,The Crowndale,"61  65 CROWNDALE ROAD, LONDON, NW1 1TN",GA2005,Application Approved,No,,,,,,2007-11-15,,Camden Town,E05000142,Regent's Park,529270.44,183351.25,-0.13764300000000002,51.534285,Nearest OS Open Map-Local Building,11/05/2017 07:37:20 PM,"(51.534285, -0.137643)",8295,http://opendatacommunities.org/id/london-borough-council/camden,1,Destination,originGGN\00080
28292,GGN\00097,Gaming Notification,The Clerk and Well,"156 CLERKENWELL ROAD, LONDON, EC1R 5DU",GA2005,Application Approved,No,,,,,,2008-03-13,,,E05000138,Holborn and Covent Garden,531171.97,182087.89,-0.110714,51.522494,Nearest OS Open Map-Local Building,11/05/2017 07:37:20 PM,"(51.522494, -0.110714)",8279,http://opendatacommunities.org/id/london-borough-council/camden,1,Destination,originGGN\00097
28329,GGN\00186,Gaming Notification,Pakenham Arms,"1 PAKENHAM STREET, LONDON, WC1X 0LA",GA2005,Application Approved,No,,,,,,2013-11-21,,,E05000141,King's Cross,530887.52,182392.96,-0.11469800000000001,51.525301,Nearest OS Open Map-Local Building,11/05/2017 07:37:20 PM,"(51.525301, -0.114698)",8195,http://opendatacommunities.org/id/london-borough-council/camden,1,Destination,originGGN\00186
28370,GGN\00161,Gaming Notification,Royal George,"8  14 EVERSHOLT STREET, LONDON, NW1 1DG",GA2005,Application Approved,No,,,,,,2011-09-19,,,E05000143,St Pancras and Somers Town,529710.19,182707.64,-0.131543,51.528401,Nearest OS Open Map-Local Building,11/05/2017 07:37:20 PM,"(51.528401, -0.131543)",8219,http://opendatacommunities.org/id/london-borough-council/camden,1,Destination,originGGN\00161
28791,GGN\00099,Gaming Notification,The Earl of Camden,"55 PARKWAY, LONDON, NW1 7PN",GA2005,Application Approved,No,,,,,,2008-05-03,,Camden Town,E05000130,Camden Town with Primrose Hill,528830.64,183707.33,-0.14385,51.537586,Nearest OS Open Map-Local Building,11/05/2017 07:37:20 PM,"(51.537586, -0.14385)",8277,http://opendatacommunities.org/id/london-borough-council/camden,1,Destination,originGGN\00099
28854,GGN\00123,Gaming Notification,Crown,"43 MONMOUTH STREET, LONDON, WC2H 9EW",GA2005,Application Approved,No,,,,,,2010-02-26,,Seven Dials,E05000138,Holborn and Covent Garden,530047.28,181157.1,-0.12725799999999998,51.514389,Nearest OS Open Map-Local Building,11/05/2017 07:37:20 PM,"(51.514389, -0.127258)",8255,http://opendatacommunities.org/id/london-borough-council/camden,1,Destination,originGGN\00123
29061,GGN\00117,Gaming Notification,Coopers Arms,"164 KILBURN HIGH ROAD, LONDON, NW6 4JD",GA2005,Application Approved,No,,,,,,2009-01-20,,,E05000140,Kilburn,525202.58,183957.3,-0.196044,51.540648,Nearest OS Open Map-Local Building,11/05/2017 07:37:20 PM,"(51.540648, -0.196044)",8261,http://opendatacommunities.org/id/london-borough-council/camden,1,Destination,originGGN\00117
29101,GGN\00196,Gaming Notification,Hercules Pillars,"18 GREAT QUEEN STREET, LONDON, WC2B 5DG",GA2005,Application Approved,No,,,,,,2015-01-09,,Seven Dials,E05000138,Holborn and Covent Garden,530459.49,181314.37,-0.12126300000000001,51.515707,Nearest OS Open Map-Local Building,11/05/2017 07:37:20 PM,"(51.515707, -0.121263)",8185,http://opendatacommunities.org/id/london-borough-council/camden,1,Destination,originGGN\00196
29205,GGN\00034,Gaming Notification,Camden Eye,"2 KENTISH TOWN ROAD, LONDON, NW1 9NX",GA2005,Application Approved,No,,,,,,2009-10-16,,Camden Town,E05000130,Camden Town with Primrose Hill,528955.86,183892.26,-0.141978,51.539219,Nearest OS Open Map-Local Building,11/05/2017 07:37:20 PM,"(51.539219, -0.141978)",8340,http://opendatacommunities.org/id/london-borough-council/camden,1,Destination,originGGN\00034
29447,GGN\00198,Gaming Notification,Alliance,"40  42 MILL LANE, LONDON, NW6 1NR",GA2005,Application Approved,No,,,,,,2016-01-08,,,E05000132,Fortune Green,524814.69,185100.96,-0.201229,51.551010999999995,Nearest OS Open Map-Local Building,11/05/2017 07:37:20 PM,"(51.551011, -0.201229)",8183,http://opendatacommunities.org/id/london-borough-council/camden,1,Destination,originGGN\00198
29804,GGN\00050,Gaming Notification,The Lion & Unicorn,"42  44 GAISFORD STREET, LONDON, NW5 2ED",GA2005,Application Approved,No,,,,,,2010-03-02,,,E05000131,Cantelowes,529167.0,184907.78,-0.13856300000000002,51.548297,Nearest OS Open Map-Local Building,11/05/2017 07:37:20 PM,"(51.548297, -0.138563)",8324,http://opendatacommunities.org/id/london-borough-council/camden,1,Destination,originGGN\00050
29825,GGN\00199,Gaming Notification,Golden Lion,"88 ROYAL COLLEGE STREET, LONDON, NW1 0TH",GA2005,Application Approved,No,,,,,,2016-11-15,,,E05000143,St Pancras and Somers Town,529389.37,183879.64,-0.135735,51.539006,Nearest OS Open Map-Local Building,11/05/2017 07:37:20 PM,"(51.539006, -0.135735)",8182,http://opendatacommunities.org/id/london-borough-council/camden,1,Destination,originGGN\00199
29891,GGN\00135,Gaming Notification,Friend at Hand,"4 HERBRAND STREET, LONDON, WC1N 1HX",GA2005,Application Approved,No,,,,,,2010-06-18,,,E05000129,Bloomsbury,530177.89,182083.06,-0.12503599999999998,51.52268,Nearest OS Open Map-Local Building,11/05/2017 07:37:20 PM,"(51.52268, -0.125036)",8243,http://opendatacommunities.org/id/london-borough-council/camden,1,Destination,originGGN\00135
29971,GGN\00146,Gaming Notification,The Railway,"100 WEST END LANE, LONDON, NW6 2LU",GA2005,Application Approved,No,,,,,,2011-03-15,,,E05000145,West Hampstead,525571.42,184575.8,-0.19050799999999998,51.546124,Nearest OS Open Map-Local Building,11/05/2017 07:37:20 PM,"(51.546124, -0.190508)",8232,http://opendatacommunities.org/id/london-borough-council/camden,1,Destination,originGGN\00146
30200,GGN\00158,Gaming Notification,The George,"250 HAVERSTOCK HILL, LONDON, NW3 2AE",GA2005,Application Approved,No,,,,,,2011-08-19,,,E05000135,Hampstead Town,527185.31,185348.78,-0.166968,51.55271,Nearest OS Open Map-Local Building,11/05/2017 07:37:20 PM,"(51.55271, -0.166968)",8222,http://opendatacommunities.org/id/london-borough-council/camden,1,Destination,originGGN\00158
30291,GGN\00129,Gaming Notification,North Star,"104 FINCHLEY ROAD, LONDON, NW3 5JJ",GA2005,Application Approved,No,,,,,,2010-04-29,,,E05000133,Frognal and Fitzjohns,526418.55,184580.29,-0.178297,51.545976,Nearest OS Open Map-Local Building,11/05/2017 07:37:20 PM,"(51.545976, -0.178297)",8249,http://opendatacommunities.org/id/london-borough-council/camden,1,Destination,originGGN\00129
30467,GGN\00100,Gaming Notification,Fitzrovia Belle (previously Mortimer Arms),"174 TOTTENHAM COURT ROAD, LONDON, W1T 7NT",GA2005,Application Approved,No,,,,,,2008-07-04,,,E05000129,Bloomsbury,529442.25,182097.14,-0.135628,51.522976,Nearest OS Open Map-Local Building,11/05/2017 07:37:20 PM,"(51.522976, -0.135628)",8276,http://opendatacommunities.org/id/london-borough-council/camden,1,Destination,originGGN\00100
30570,GGN\00104,Gaming Notification,SALT,"269 WEST END LANE, LONDON, NW6 1QS",GA2005,Application Approved,No,,,,,,2008-10-17,,,E05000145,West Hampstead,525457.68,185047.93,-0.19197899999999998,51.550391999999995,Nearest OS Open Map-Local Building,11/05/2017 07:37:20 PM,"(51.550392, -0.191979)",8272,http://opendatacommunities.org/id/london-borough-council/camden,1,Destination,originGGN\00104
30864,GGN\00157,Gaming Notification,Newton Arms,"33 NEWTON STREET, LONDON, WC2B 5EL",GA2005,Application Approved,No,,,,,,2011-04-07,,Seven Dials,E05000138,Holborn and Covent Garden,530478.27,181454.75,-0.120941,51.516965,Nearest OS Open Map-Local Building,11/05/2017 07:37:20 PM,"(51.516965, -0.120941)",8223,http://opendatacommunities.org/id/london-borough-council/camden,1,Destination,originGGN\00157
31110,GGN\00026,Gaming Notification,Lilly Langtree,"121 ABBEY ROAD, LONDON, NW6 4SL",GA2005,Application Approved,No,,,,,,2009-05-18,,,E05000140,Kilburn,525740.21,183879.85,-0.188324,51.539832000000004,Nearest OS Open Map-Local Building,11/05/2017 07:37:20 PM,"(51.539832, -0.188324)",8347,http://opendatacommunities.org/id/london-borough-council/camden,1,Destination,originGGN\00026
31269,GGN\00063,Gaming Notification,Garden Gate,"14 SOUTH END ROAD, LONDON, NW3 2QE",GA2005,Application Approved,No,,,,,,2008-07-05,,,E05000134,Gospel Oak,527274.81,185572.58,-0.165596,51.554701,Nearest OS Open Map-Local Building,11/05/2017 07:37:20 PM,"(51.554701, -0.165596)",8311,http://opendatacommunities.org/id/london-borough-council/camden,1,Destination,originGGN\00063
31625,GGN\00022,Gaming Notification,Flask,"14 FLASK WALK, LONDON, NW3 1HE",GA2005,Application Approved,No,,,,,,2009-01-06,,,E05000135,Hampstead Town,526495.3,185774.76,-0.176761,51.556693,Nearest OS Open Map-Local Building,11/05/2017 07:37:20 PM,"(51.556693, -0.176761)",8351,http://opendatacommunities.org/id/london-borough-council/camden,1,Destination,originGGN\00022
31966,GGN\00155,Gaming Notification,Bar at TCR,"183 TOTTENHAM COURT ROAD, LONDON, W1T 7PE",GA2005,Application Approved,No,,,,,,2011-04-07,,,E05000129,Bloomsbury,529493.39,182014.1,-0.13492200000000001,51.522218,Nearest OS Open Map-Local Building,11/05/2017 07:37:20 PM,"(51.522218, -0.134922)",8225,http://opendatacommunities.org/id/london-borough-council/camden,1,Destination,originGGN\00155
32360,GGN\00191,Gaming Notification,Finchley Bell,"317 FINCHLEY ROAD, LONDON, NW3 6EP",GA2005,Application Approved,No,,,,,,2014-06-24,,,E05000145,West Hampstead,526062.43,185005.7,-0.183277,51.549878,Nearest OS Open Map-Local Building,11/05/2017 07:37:20 PM,"(51.549878, -0.183277)",8190,http://opendatacommunities.org/id/london-borough-council/camden,1,Destination,originGGN\00191
32402,GGN\00035,Gaming Notification,Babushka,"25  27 FARRINGDON ROAD, LONDON, EC1M 3HA",GA2005,Application Approved,No,,,,,,2009-10-16,,,E05000138,Holborn and Covent Garden,531488.0,181700.74,-0.106305,51.518941,Nearest OS Open Map-Local Building,11/05/2017 07:37:20 PM,"(51.518941, -0.106305)",8339,http://opendatacommunities.org/id/london-borough-council/camden,1,Destination,originGGN\00035
32412,GGN\00102,Gaming Notification,Bucks Head,"202 CAMDEN HIGH STREET, LONDON, NW1 8QR",GA2005,Application Approved,No,,,,,,2008-10-10,,Camden Town,E05000130,Camden Town with Primrose Hill,528875.15,183997.79,-0.143102,51.540186,Nearest OS Open Map-Local Building,11/05/2017 07:37:20 PM,"(51.540186, -0.143102)",8274,http://opendatacommunities.org/id/london-borough-council/camden,1,Destination,originGGN\00102
32773,GGN\00159,Gaming Notification,Marlborough Arms,"36 TORRINGTON PLACE, LONDON, WC1E 7LY",GA2005,Application Approved,No,,,,,,2011-08-26,,,E05000129,Bloomsbury,529635.5,181949.92,-0.132898,51.521608,Nearest OS Open Map-Local Building,11/05/2017 07:37:20 PM,"(51.521608, -0.132898)",8221,http://opendatacommunities.org/id/london-borough-council/camden,1,Destination,originGGN\00159
32858,GGN\00066,Gaming Notification,Oxford Arms,"265 CAMDEN HIGH STREET, LONDON, NW1 7BU",GA2005,Application Approved,No,,,,,,2008-01-07,,Camden Town,E05000130,Camden Town with Primrose Hill,528835.31,184036.38,-0.14366199999999998,51.540541999999995,Nearest OS Open Map-Local Building,11/05/2017 07:37:20 PM,"(51.540542, -0.143662)",8308,http://opendatacommunities.org/id/london-borough-council/camden,1,Destination,originGGN\00066
32913,GGN\00127,Gaming Notification,Assembly House,"292 294 KENTISH TOWN ROAD, LONDON, NW5 2TG",GA2005,Application Approved,No,,,,,,2010-12-03,,,E05000139,Kentish Town,529038.33,185212.57,-0.140306,51.551065,Nearest OS Open Map-Local Building,11/05/2017 07:37:20 PM,"(51.551065, -0.140306)",8251,http://opendatacommunities.org/id/london-borough-council/camden,1,Destination,originGGN\00127
33153,GGN\00110,Gaming Notification,Oxford Arms,"265 CAMDEN HIGH STREET, LONDON, NW1 7BU",GA2005,Application Approved,No,,,,,,2007-11-20,,Camden Town,E05000130,Camden Town with Primrose Hill,528835.31,184036.38,-0.14366199999999998,51.540541999999995,Nearest OS Open Map-Local Building,11/05/2017 07:37:20 PM,"(51.540542, -0.143662)",8266,http://opendatacommunities.org/id/london-borough-council/camden,1,Destination,originGGN\00110
33436,GGN\00202,Gaming Notification,Sir Richard Steele,"97 HAVERSTOCK HILL, LONDON, NW3 4RL",GA2005,Application Approved,No,,,,,,2017-12-04,,,E05000128,Belsize,527774.46,184692.48,-0.15871300000000002,51.546679,Nearest OS Open Map-Local Building,11/05/2017 07:37:20 PM,"(51.546679, -0.158713)",8179,http://opendatacommunities.org/id/london-borough-council/camden,1,Destination,originGGN\00202
33517,GGN\00049,Gaming Notification,O'Reillys,"289 291 KENTISH TOWN ROAD, LONDON, NW5 2JS",GA2005,Application Approved,No,,,,,,2010-01-02,,,E05000139,Kentish Town,528950.78,184994.83,-0.141647,51.549129,Nearest OS Open Map-Local Building,11/05/2017 07:37:20 PM,"(51.549129, -0.141647)",8325,http://opendatacommunities.org/id/london-borough-council/camden,1,Destination,originGGN\00049
33830,GGN\00084,Gaming Notification,The Lukin,"4 CONWAY STREET, LONDON, W1T 6BB",GA2005,Application Approved,No,,,,,,2008-01-14,,,E05000129,Bloomsbury,529180.26,182019.24,-0.13943,51.522335999999996,Nearest OS Open Map-Local Building,11/05/2017 07:37:20 PM,"(51.522336, -0.13943)",8291,http://opendatacommunities.org/id/london-borough-council/camden,1,Destination,originGGN\00084
34281,GGN\00195,Gaming Notification,Hub by Premier Inn,"2  16 BROOK HOUSE TORRINGTON PLACE, LONDON, WC1E 7HN",GA2005,Application Approved,No,,,,,,2015-01-29,,,E05000129,Bloomsbury,529563.14,181905.54,-0.133957,51.521226,Nearest OS Open Map-Local Building,11/05/2017 07:37:20 PM,"(51.521226, -0.133957)",8186,http://opendatacommunities.org/id/london-borough-council/camden,1,Destination,originGGN\00195
34607,GGN\00190,Gaming Notification,The Railway,"100 WEST END LANE, LONDON, NW6 2LU",GA2005,Application Approved,No,,,,,,2014-12-03,,,E05000145,West Hampstead,525571.42,184575.8,-0.19050799999999998,51.546124,Nearest OS Open Map-Local Building,11/05/2017 07:37:20 PM,"(51.546124, -0.190508)",8191,http://opendatacommunities.org/id/london-borough-council/camden,1,Destination,originGGN\00190
34637,GGN\00179,Gaming Notification,Freemasons Arms,"32 DOWNSHIRE HILL, LONDON, NW3 1NT",GA2005,Application Approved,No,,,,,,2013-05-02,,,E05000135,Hampstead Town,527018.71,185840.46,-0.169192,51.557165999999995,Nearest OS Open Map-Local Building,11/05/2017 07:37:20 PM,"(51.557166, -0.169192)",8201,http://opendatacommunities.org/id/london-borough-council/camden,1,Destination,originGGN\00179
34820,GGN\00067,Gaming Notification,Cittie Of Yorke,"22 CITY OF YORK PUB HIGH HOLBORN, LONDON, WC1V 6BN",GA2005,Application Approved,No,,,,,,2008-07-14,,,E05000138,Holborn and Covent Garden,531083.16,181645.79,-0.11215699999999999,51.518542,Nearest OS Open Map-Local Building,11/05/2017 07:37:20 PM,"(51.518542, -0.112157)",8307,http://opendatacommunities.org/id/london-borough-council/camden,1,Destination,originGGN\00067
34883,GGN\00056,Gaming Notification,The Jack Horner,"235 236 TOTTENHAM COURT ROAD, LONDON, W1T 7QN",GA2005,Application Approved,No,,,,,,2008-04-28,,,E05000129,Bloomsbury,529729.97,181585.26,-0.131671,51.51831,Nearest OS Open Map-Local Building,11/05/2017 07:37:20 PM,"(51.51831, -0.131671)",8318,http://opendatacommunities.org/id/london-borough-council/camden,1,Destination,originGGN\00056
35044,GGN\00059,Gaming Notification,Mercure London Bloomsbury (formerly Waverley House Hotel),"130 134 MECURE HOTEL SOUTHAMPTON ROW, LONDON, WC1B 5AF",GA2005,Application Approved,No,,,,,,2008-04-01,,,E05000138,Holborn and Covent Garden,530280.54,181985.11,-0.12359300000000001,51.521776,Nearest OS Open Map-Local Building,11/05/2017 07:37:20 PM,"(51.521776, -0.123593)",8315,http://opendatacommunities.org/id/london-borough-council/camden,1,Destination,originGGN\00059
35313,GGN\00068,Gaming Notification,Wheatsheaf,"25 RATHBONE PLACE, LONDON, W1T 1JB",GA2005,Application Approved,No,,,,,,2008-07-31,,,E05000129,Bloomsbury,529658.98,181501.2,-0.132725,51.51757,Nearest OS Open Map-Local Building,11/05/2017 07:37:20 PM,"(51.51757, -0.132725)",8306,http://opendatacommunities.org/id/london-borough-council/camden,1,Destination,originGGN\00068
35533,GGN\00109,Gaming Notification,Northumberland Arms,"141 KING'S CROSS ROAD, LONDON, WC1X 9BJ",GA2005,Application Approved,No,,,,,,2007-11-20,,,E05000141,King's Cross,530746.38,182858.51,-0.116559,51.529517999999996,Nearest OS Open Map-Local Building,11/05/2017 07:37:20 PM,"(51.529518, -0.116559)",8267,http://opendatacommunities.org/id/london-borough-council/camden,1,Destination,originGGN\00109
35776,GGN\00134,Gaming Notification,Bloomsbury Tavern,"236 BLOOMSBURY TAVERN SHAFTESBURY AVENUE, LONDON, WC2H 8EG",GA2005,Application Approved,No,,,,,,2010-05-28,,Seven Dials,E05000138,Holborn and Covent Garden,530175.35,181438.83,-0.12531,51.516890999999994,Nearest OS Open Map-Local Building,11/05/2017 07:37:20 PM,"(51.516891, -0.12531)",8244,http://opendatacommunities.org/id/london-borough-council/camden,1,Destination,originGGN\00134
35904,GGN\00141,Gaming Notification,Cross Keys,"31 ENDELL STREET, LONDON, WC2H 9BA",GA2005,Application Approved,No,,,,,,2010-07-13,,Seven Dials,E05000138,Holborn and Covent Garden,530211.81,181163.2,-0.12488599999999998,51.514406,Nearest OS Open Map-Local Building,11/05/2017 07:37:20 PM,"(51.514406, -0.124886)",8237,http://opendatacommunities.org/id/london-borough-council/camden,1,Destination,originGGN\00141
35987,GGN\00075,Gaming Notification,Fitzroy Tavern,"16 THE FITZROY TAVERN CHARLOTTE STREET, LONDON, W1T 2LY",GA2005,Application Approved,No,,,,,,2008-10-13,,,E05000129,Bloomsbury,529528.04,181652.4,-0.134555,51.518959,Nearest OS Open Map-Local Building,11/05/2017 07:37:20 PM,"(51.518959, -0.134555)",8299,http://opendatacommunities.org/id/london-borough-council/camden,1,Destination,originGGN\00075
36071,GGN\00125,Gaming Notification,The Fitzrovia,"18 GOODGE STREET, LONDON, W1T 2QD",GA2005,Application Approved,No,,,,,,2010-11-03,,,E05000129,Bloomsbury,529468.36,181750.5,-0.135379,51.519855,Nearest OS Open Map-Local Building,11/05/2017 07:37:20 PM,"(51.519855, -0.135379)",8253,http://opendatacommunities.org/id/london-borough-council/camden,1,Destination,originGGN\00125
36118,GGN\00044,Gaming Notification,Shaker & Company,"119 HAMPSTEAD ROAD, LONDON, NW1 3EE",GA2005,Application Approved,No,,,,,,2009-10-26,,,E05000142,Regent's Park,529184.17,182645.2,-0.139145,51.52796,Nearest OS Open Map-Local Building,11/05/2017 07:37:20 PM,"(51.52796, -0.139145)",8330,http://opendatacommunities.org/id/london-borough-council/camden,1,Destination,originGGN\00044
36157,GGN\00193,Gaming Notification,Nisa (formerly Leighton Arms),"101 BRECKNOCK ROAD, LONDON, N7 0DA",GA2005,Application Approved,No,,,,,,2014-02-07,,,E05000139,Kentish Town,529549.72,185368.07,-0.132877,51.552346,Nearest OS Open Map-Local Building,11/05/2017 07:37:20 PM,"(51.552346, -0.132877)",8188,http://opendatacommunities.org/id/london-borough-council/camden,1,Destination,originGGN\00193
36346,GGN\00142,Gaming Notification,Finchley Bell,"317 FINCHLEY ROAD, LONDON, NW3 6EP",GA2005,Notification Lapsed,No,,,,,,2010-09-16,,,E05000145,West Hampstead,526062.43,185005.7,-0.183277,51.549878,Nearest OS Open Map-Local Building,11/05/2017 07:37:20 PM,"(51.549878, -0.183277)",8236,http://opendatacommunities.org/id/london-borough-council/camden,1,Destination,originGGN\00142
